
{ 

"ISO": "OR",
"ADMIN": "admin1",

"Point Estimate": 
     {

      "initn": 4283747,
      "mu_0": 0.008730,
      "nu": 0.0019,
      "xi": 0.0001,
      "initi": 75431,
      "initf": 912,
      "theta": 0.01

      },

"Range Estimate": 
      {

      "inv_sigma":[4,10, 1],
      "gamma":[0.05,0.10, 4],
      "mu_i":[0.0001, 0.001, 6],
      "r0":[0.5,3.0,1],
      "psi": [0.00005,0.00030,6]

      }

 }