
{ 

"ISO": "ET",
"ADMIN": "admin0",

"Parameter Point Estimates": 
     {

      "initn": 114963588,
      "mu_0": 0.008730,
      "nu": 0.0019,
      "xi": 0.0001,
      "theta": 0.01

      },

"DOE Parameter Ranges": 
      {

      "inv_sigma": [ 7, 10, 1],
      "gamma":     [0.05, 0.12, 4],
      "mu_i":      [0.00005, 0.00001, 5],
      "r0":        [1.3, 3.0, 1],
      "psi":       [0.00005, 0.00030, 6]

      }      

 }